<?xml version="1.0" encoding="UTF-8"?>
<document type="com.apple.InterfaceBuilder3.CocoaTouch.Storyboard.XIB" version="3.0" toolsVersion="21701" targetRuntime="iOS.CocoaTouch" propertyAccessControl="none" useAutolayout="YES" launchScreen="YES" useTraitCollections="YES" useSafeAreas="YES" colorMatched="YES" initialViewController="01J-lp-oVM">
    <device id="retina6_12" orientation="portrait" appearance="light"/>
    <dependencies>
        <plugIn identifier="com.apple.InterfaceBuilder.IBCocoaTouchPlugin" version="21679"/>
        <capability name="Safe area layout guides" minToolsVersion="9.0"/>
        <capability name="System colors in document resources" minToolsVersion="11.0"/>
        <capability name="documents saved in the Xcode 8 format" minToolsVersion="8.0"/>
    </dependencies>
    <scenes>
        <!--View Controller-->
        <scene sceneID="EHf-IW-A2E">
            <objects>
                <viewController id="01J-lp-oVM" sceneMemberID="viewController">
                    <view key="view" contentMode="scaleToFill" id="Ze5-6b-2t3">
                        <rect key="frame" x="0.0" y="0.0" width="393" height="852"/>
                        <autoresizingMask key="autoresizingMask" widthSizable="YES" heightSizable="YES"/>
                        <subviews>
                            <imageView clipsSubviews="YES" userInteractionEnabled="NO" contentMode="scaleToFill" horizontalHuggingPriority="251" verticalHuggingPriority="251" fixedFrame="YES" image="blank.png" translatesAutoresizingMaskIntoConstraints="NO" id="UFZ-hk-bGQ">
                                <rect key="frame" x="0.0" y="0.0" width="393" height="852"/>
                                <autoresizingMask key="autoresizingMask" flexibleMaxX="YES" flexibleMaxY="YES"/>
                            </imageView>
                            <imageView clipsSubviews="YES" userInteractionEnabled="NO" contentMode="scaleAspectFit" horizontalHuggingPriority="251" verticalHuggingPriority="251" fixedFrame="YES" image="bank_launcher_foreground.png" translatesAutoresizingMaskIntoConstraints="NO" id="Jkn-2s-3IB">
                                <rect key="frame" x="76" y="362" width="240" height="128"/>
                                <autoresizingMask key="autoresizingMask" flexibleMaxX="YES" flexibleMaxY="YES"/>
                            </imageView>
                        </subviews>
                        <viewLayoutGuide key="safeArea" id="6Tk-OE-BBY"/>
                        <color key="backgroundColor" systemColor="systemBackgroundColor"/>
                    </view>
                </viewController>
                <placeholder placeholderIdentifier="IBFirstResponder" id="iYj-Kq-Ea1" userLabel="First Responder" sceneMemberID="firstResponder"/>
            </objects>
            <point key="canvasLocation" x="52.671755725190835" y="374.64788732394368"/>
        </scene>
    </scenes>
    <resources>
        <image name="bank_launcher_foreground.png" width="432" height="432"/>
        <image name="blank.png" width="552" height="551.25"/>
        <systemColor name="systemBackgroundColor">
            <color white="1" alpha="1" colorSpace="custom" customColorSpace="genericGamma22GrayColorSpace"/>
        </systemColor>
    </resources>
</document>
