<?xml version="1.0" encoding="UTF-8"?>
<document type="com.apple.InterfaceBuilder3.CocoaTouch.Storyboard.XIB" version="3.0" toolsVersion="21701" targetRuntime="iOS.CocoaTouch" propertyAccessControl="none" useAutolayout="YES" useTraitCollections="YES" useSafeAreas="YES" colorMatched="YES" initialViewController="BYZ-38-t0r">
    <device id="retina6_12" orientation="portrait" appearance="light"/>
    <dependencies>
        <plugIn identifier="com.apple.InterfaceBuilder.IBCocoaTouchPlugin" version="21679"/>
        <capability name="Safe area layout guides" minToolsVersion="9.0"/>
        <capability name="System colors in document resources" minToolsVersion="11.0"/>
        <capability name="documents saved in the Xcode 8 format" minToolsVersion="8.0"/>
    </dependencies>
    <scenes>
        <!--LoginViewController-->
        <scene sceneID="tne-QT-ifu">
            <objects>
                <viewController storyboardIdentifier="LoginViewController" title="LoginViewController" id="BYZ-38-t0r" userLabel="LoginViewController" customClass="LoginViewController" customModule="Banking_FTW" customModuleProvider="target" sceneMemberID="viewController">
                    <view key="view" contentMode="scaleToFill" id="8bC-Xf-vdC">
                        <rect key="frame" x="0.0" y="0.0" width="393" height="842"/>
                        <autoresizingMask key="autoresizingMask" widthSizable="YES" heightSizable="YES"/>
                        <subviews>
                            <imageView clipsSubviews="YES" userInteractionEnabled="NO" contentMode="scaleToFill" horizontalHuggingPriority="251" verticalHuggingPriority="251" fixedFrame="YES" image="blank.png" translatesAutoresizingMaskIntoConstraints="NO" id="ih4-Kj-EdA">
                                <rect key="frame" x="0.0" y="0.0" width="393" height="852"/>
                                <autoresizingMask key="autoresizingMask" flexibleMaxX="YES" flexibleMaxY="YES"/>
                            </imageView>
                            <imageView clipsSubviews="YES" userInteractionEnabled="NO" contentMode="scaleAspectFit" horizontalHuggingPriority="251" verticalHuggingPriority="251" fixedFrame="YES" image="bank2.png" translatesAutoresizingMaskIntoConstraints="NO" id="M0z-a2-Ptb">
                                <rect key="frame" x="76" y="96" width="240" height="128"/>
                                <autoresizingMask key="autoresizingMask" flexibleMaxX="YES" flexibleMaxY="YES"/>
                            </imageView>
                            <textField opaque="NO" contentMode="scaleToFill" horizontalHuggingPriority="248" fixedFrame="YES" contentHorizontalAlignment="left" contentVerticalAlignment="center" borderStyle="roundedRect" textAlignment="natural" minimumFontSize="17" translatesAutoresizingMaskIntoConstraints="NO" id="fXo-tY-aVd" userLabel="email">
                                <rect key="frame" x="76" y="353" width="240" height="34"/>
                                <autoresizingMask key="autoresizingMask" flexibleMaxX="YES" flexibleMaxY="YES"/>
                                <fontDescription key="fontDescription" type="system" pointSize="14"/>
                                <textInputTraits key="textInputTraits"/>
                            </textField>
                            <textField opaque="NO" contentMode="scaleToFill" horizontalHuggingPriority="248" fixedFrame="YES" contentHorizontalAlignment="left" contentVerticalAlignment="center" borderStyle="roundedRect" textAlignment="natural" minimumFontSize="17" translatesAutoresizingMaskIntoConstraints="NO" id="udV-iy-viW" userLabel="pass">
                                <rect key="frame" x="76" y="441" width="240" height="34"/>
                                <autoresizingMask key="autoresizingMask" flexibleMaxX="YES" flexibleMaxY="YES"/>
                                <fontDescription key="fontDescription" type="system" pointSize="14"/>
                                <textInputTraits key="textInputTraits" textContentType="password"/>
                            </textField>
                            <button opaque="NO" contentMode="scaleToFill" fixedFrame="YES" contentHorizontalAlignment="center" contentVerticalAlignment="center" buttonType="system" lineBreakMode="middleTruncation" translatesAutoresizingMaskIntoConstraints="NO" id="O24-Fx-Kan" customClass="LoginToAccountSegue">
                                <rect key="frame" x="76" y="543" width="105" height="50"/>
                                <autoresizingMask key="autoresizingMask" flexibleMaxX="YES" flexibleMaxY="YES"/>
                                <state key="normal" title="Button"/>
                                <buttonConfiguration key="configuration" style="filled" title="Login"/>
                                <connections>
                                    <action selector="loginButtonTapped:" destination="BYZ-38-t0r" eventType="touchUpInside" id="RGF-ea-Z7Q"/>
                                    <segue destination="AiN-BM-Rnh" kind="presentation" identifier="LoginToAccountSegue" id="Rd1-ph-LEz"/>
                                </connections>
                            </button>
                            <button opaque="NO" contentMode="scaleToFill" fixedFrame="YES" contentHorizontalAlignment="center" contentVerticalAlignment="center" buttonType="system" lineBreakMode="middleTruncation" translatesAutoresizingMaskIntoConstraints="NO" id="anw-fA-OcN">
                                <rect key="frame" x="211" y="543" width="105" height="50"/>
                                <autoresizingMask key="autoresizingMask" flexibleMaxX="YES" flexibleMaxY="YES"/>
                                <state key="normal" title="Button"/>
                                <buttonConfiguration key="configuration" style="filled" title="New Account"/>
                                <connections>
                                    <action selector="createAccountButtonTapped:" destination="BYZ-38-t0r" eventType="touchUpInside" id="qkQ-TX-ifz"/>
                                    <segue destination="KTT-9u-Ted" kind="popoverPresentation" popoverAnchorView="anw-fA-OcN" id="pC8-tx-jeD">
                                        <popoverArrowDirection key="popoverArrowDirection" up="YES" down="YES" left="YES" right="YES"/>
                                    </segue>
                                </connections>
                            </button>
                            <label opaque="NO" userInteractionEnabled="NO" contentMode="left" horizontalHuggingPriority="251" verticalHuggingPriority="251" fixedFrame="YES" text="Email" textAlignment="natural" lineBreakMode="tailTruncation" baselineAdjustment="alignBaselines" adjustsFontSizeToFit="NO" translatesAutoresizingMaskIntoConstraints="NO" id="b5q-ek-GBD">
                                <rect key="frame" x="76" y="324" width="41" height="21"/>
                                <autoresizingMask key="autoresizingMask" flexibleMaxX="YES" flexibleMaxY="YES"/>
                                <fontDescription key="fontDescription" type="system" pointSize="17"/>
                                <color key="textColor" white="1" alpha="1" colorSpace="custom" customColorSpace="genericGamma22GrayColorSpace"/>
                                <nil key="highlightedColor"/>
                            </label>
                            <label opaque="NO" userInteractionEnabled="NO" contentMode="left" horizontalHuggingPriority="251" verticalHuggingPriority="251" fixedFrame="YES" text="Password" textAlignment="natural" lineBreakMode="tailTruncation" baselineAdjustment="alignBaselines" adjustsFontSizeToFit="NO" translatesAutoresizingMaskIntoConstraints="NO" id="Pbf-U2-76t">
                                <rect key="frame" x="76" y="412" width="74" height="21"/>
                                <autoresizingMask key="autoresizingMask" flexibleMaxX="YES" flexibleMaxY="YES"/>
                                <fontDescription key="fontDescription" type="system" pointSize="17"/>
                                <color key="textColor" white="1" alpha="1" colorSpace="custom" customColorSpace="genericGamma22GrayColorSpace"/>
                                <nil key="highlightedColor"/>
                            </label>
                        </subviews>
                        <viewLayoutGuide key="safeArea" id="6Tk-OE-BBY"/>
                        <color key="backgroundColor" systemColor="systemBackgroundColor"/>
                    </view>
                    <connections>
                        <outlet property="emailTextField" destination="fXo-tY-aVd" id="nsj-kC-Orf"/>
                        <outlet property="loginButton" destination="O24-Fx-Kan" id="DNQ-FX-lGF"/>
                        <outlet property="passwordTextField" destination="udV-iy-viW" id="vNc-2t-oDK"/>
                    </connections>
                </viewController>
                <placeholder placeholderIdentifier="IBFirstResponder" id="dkx-z0-nzr" sceneMemberID="firstResponder"/>
            </objects>
            <point key="canvasLocation" x="-1102" y="-151"/>
        </scene>
        <!--CreateAccountViewController-->
        <scene sceneID="vzD-yJ-C7I">
            <objects>
                <viewController storyboardIdentifier="CreateAccountViewController" title="CreateAccountViewController" id="KTT-9u-Ted" userLabel="CreateAccountViewController" customClass="CreateAccountViewController" customModule="Banking_FTW" customModuleProvider="target" sceneMemberID="viewController">
                    <view key="view" contentMode="scaleToFill" id="kcZ-LY-jNj">
                        <rect key="frame" x="0.0" y="0.0" width="393" height="842"/>
                        <autoresizingMask key="autoresizingMask" widthSizable="YES" heightSizable="YES"/>
                        <subviews>
                            <imageView clipsSubviews="YES" userInteractionEnabled="NO" contentMode="scaleToFill" horizontalHuggingPriority="251" verticalHuggingPriority="251" fixedFrame="YES" image="blank.png" translatesAutoresizingMaskIntoConstraints="NO" id="HgP-J9-0uS">
                                <rect key="frame" x="0.0" y="0.0" width="393" height="852"/>
                                <autoresizingMask key="autoresizingMask" flexibleMaxX="YES" flexibleMaxY="YES"/>
                            </imageView>
                            <imageView clipsSubviews="YES" userInteractionEnabled="NO" contentMode="scaleAspectFit" horizontalHuggingPriority="251" verticalHuggingPriority="251" fixedFrame="YES" image="bank2.png" translatesAutoresizingMaskIntoConstraints="NO" id="zed-Tb-N5p">
                                <rect key="frame" x="76" y="92" width="240" height="128"/>
                                <autoresizingMask key="autoresizingMask" flexibleMaxX="YES" flexibleMaxY="YES"/>
                            </imageView>
                            <textField opaque="NO" contentMode="scaleToFill" horizontalHuggingPriority="248" fixedFrame="YES" contentHorizontalAlignment="left" contentVerticalAlignment="center" borderStyle="roundedRect" textAlignment="natural" minimumFontSize="17" translatesAutoresizingMaskIntoConstraints="NO" id="DJh-rc-PxQ" userLabel="name" customClass="nameTextField">
                                <rect key="frame" x="76" y="298" width="240" height="34"/>
                                <autoresizingMask key="autoresizingMask" flexibleMaxX="YES" flexibleMaxY="YES"/>
                                <fontDescription key="fontDescription" type="system" pointSize="14"/>
                                <textInputTraits key="textInputTraits"/>
                            </textField>
                            <textField opaque="NO" contentMode="scaleToFill" horizontalHuggingPriority="248" fixedFrame="YES" contentHorizontalAlignment="left" contentVerticalAlignment="center" borderStyle="roundedRect" textAlignment="natural" minimumFontSize="17" translatesAutoresizingMaskIntoConstraints="NO" id="6Gc-WU-J0h" userLabel="email" customClass="emailTextField">
                                <rect key="frame" x="76" y="377" width="240" height="34"/>
                                <autoresizingMask key="autoresizingMask" flexibleMaxX="YES" flexibleMaxY="YES"/>
                                <fontDescription key="fontDescription" type="system" pointSize="14"/>
                                <textInputTraits key="textInputTraits"/>
                            </textField>
                            <textField opaque="NO" contentMode="scaleToFill" horizontalHuggingPriority="248" fixedFrame="YES" contentHorizontalAlignment="left" contentVerticalAlignment="center" borderStyle="roundedRect" textAlignment="natural" minimumFontSize="17" translatesAutoresizingMaskIntoConstraints="NO" id="gy8-JV-KIj" userLabel="pass" customClass="passTextField">
                                <rect key="frame" x="76" y="454" width="240" height="34"/>
                                <autoresizingMask key="autoresizingMask" flexibleMaxX="YES" flexibleMaxY="YES"/>
                                <fontDescription key="fontDescription" type="system" pointSize="14"/>
                                <textInputTraits key="textInputTraits" textContentType="password"/>
                            </textField>
                            <textField opaque="NO" contentMode="scaleToFill" horizontalHuggingPriority="248" fixedFrame="YES" contentHorizontalAlignment="left" contentVerticalAlignment="center" borderStyle="roundedRect" textAlignment="natural" minimumFontSize="17" translatesAutoresizingMaskIntoConstraints="NO" id="vI8-09-WFS" userLabel="confirm" customClass="confirmTextField">
                                <rect key="frame" x="76" y="533" width="240" height="34"/>
                                <autoresizingMask key="autoresizingMask" flexibleMaxX="YES" flexibleMaxY="YES"/>
                                <fontDescription key="fontDescription" type="system" pointSize="14"/>
                                <textInputTraits key="textInputTraits" textContentType="password"/>
                            </textField>
                            <button opaque="NO" contentMode="scaleToFill" fixedFrame="YES" contentHorizontalAlignment="center" contentVerticalAlignment="center" buttonType="system" lineBreakMode="middleTruncation" translatesAutoresizingMaskIntoConstraints="NO" id="Did-rR-sMv" customClass="createButton">
                                <rect key="frame" x="76" y="627" width="105" height="50"/>
                                <autoresizingMask key="autoresizingMask" flexibleMaxX="YES" flexibleMaxY="YES"/>
                                <state key="normal" title="Button"/>
                                <buttonConfiguration key="configuration" style="filled" title="Create"/>
                                <connections>
                                    <action selector="createAccountButtonTapped:" destination="KTT-9u-Ted" eventType="touchUpInside" id="Wd1-3m-6fg"/>
                                    <segue destination="BYZ-38-t0r" kind="presentation" id="EN3-a2-vW2"/>
                                </connections>
                            </button>
                            <button opaque="NO" contentMode="scaleToFill" fixedFrame="YES" contentHorizontalAlignment="center" contentVerticalAlignment="center" buttonType="system" lineBreakMode="middleTruncation" translatesAutoresizingMaskIntoConstraints="NO" id="gn2-Zw-K8z" customClass="cancelButton">
                                <rect key="frame" x="211" y="627" width="105" height="50"/>
                                <autoresizingMask key="autoresizingMask" flexibleMaxX="YES" flexibleMaxY="YES"/>
                                <state key="normal" title="Button"/>
                                <buttonConfiguration key="configuration" style="filled" title="Cancel"/>
                                <connections>
                                    <action selector="cancelButtonTapped:" destination="KTT-9u-Ted" eventType="touchUpInside" id="rYd-Uf-cV1"/>
                                    <segue destination="BYZ-38-t0r" kind="popoverPresentation" popoverAnchorView="gn2-Zw-K8z" id="1bU-vx-ScK">
                                        <popoverArrowDirection key="popoverArrowDirection" up="YES" down="YES" left="YES" right="YES"/>
                                    </segue>
                                </connections>
                            </button>
                            <label opaque="NO" userInteractionEnabled="NO" contentMode="left" horizontalHuggingPriority="251" verticalHuggingPriority="251" fixedFrame="YES" text="Name" textAlignment="natural" lineBreakMode="tailTruncation" baselineAdjustment="alignBaselines" adjustsFontSizeToFit="NO" translatesAutoresizingMaskIntoConstraints="NO" id="ScN-Us-zuG">
                                <rect key="frame" x="76" y="269" width="45" height="21"/>
                                <autoresizingMask key="autoresizingMask" flexibleMaxX="YES" flexibleMaxY="YES"/>
                                <fontDescription key="fontDescription" type="system" pointSize="17"/>
                                <nil key="textColor"/>
                                <nil key="highlightedColor"/>
                            </label>
                            <label opaque="NO" userInteractionEnabled="NO" contentMode="left" horizontalHuggingPriority="251" verticalHuggingPriority="251" fixedFrame="YES" text="Email Address" textAlignment="natural" lineBreakMode="tailTruncation" baselineAdjustment="alignBaselines" adjustsFontSizeToFit="NO" translatesAutoresizingMaskIntoConstraints="NO" id="WHh-yu-pAT">
                                <rect key="frame" x="76" y="348" width="108" height="21"/>
                                <autoresizingMask key="autoresizingMask" flexibleMaxX="YES" flexibleMaxY="YES"/>
                                <fontDescription key="fontDescription" type="system" pointSize="17"/>
                                <nil key="textColor"/>
                                <nil key="highlightedColor"/>
                            </label>
                            <label opaque="NO" userInteractionEnabled="NO" contentMode="left" horizontalHuggingPriority="251" verticalHuggingPriority="251" fixedFrame="YES" text="Password" textAlignment="natural" lineBreakMode="tailTruncation" baselineAdjustment="alignBaselines" adjustsFontSizeToFit="NO" translatesAutoresizingMaskIntoConstraints="NO" id="dgS-zP-qQH">
                                <rect key="frame" x="76" y="425" width="74" height="21"/>
                                <autoresizingMask key="autoresizingMask" flexibleMaxX="YES" flexibleMaxY="YES"/>
                                <fontDescription key="fontDescription" type="system" pointSize="17"/>
                                <nil key="textColor"/>
                                <nil key="highlightedColor"/>
                            </label>
                            <label opaque="NO" userInteractionEnabled="NO" contentMode="left" horizontalHuggingPriority="251" verticalHuggingPriority="251" fixedFrame="YES" text="Confirm Password" textAlignment="natural" lineBreakMode="tailTruncation" baselineAdjustment="alignBaselines" adjustsFontSizeToFit="NO" translatesAutoresizingMaskIntoConstraints="NO" id="AJe-31-3w5">
                                <rect key="frame" x="76" y="504" width="139" height="21"/>
                                <autoresizingMask key="autoresizingMask" flexibleMaxX="YES" flexibleMaxY="YES"/>
                                <fontDescription key="fontDescription" type="system" pointSize="17"/>
                                <nil key="textColor"/>
                                <nil key="highlightedColor"/>
                            </label>
                        </subviews>
                        <viewLayoutGuide key="safeArea" id="3Tm-FP-KN1"/>
                        <color key="backgroundColor" systemColor="systemBackgroundColor"/>
                    </view>
                    <connections>
                        <outlet property="confirmTextField" destination="vI8-09-WFS" id="ci9-7P-fij"/>
                        <outlet property="emailTextField" destination="6Gc-WU-J0h" id="gNI-t9-ZHy"/>
                        <outlet property="nameTextField" destination="DJh-rc-PxQ" id="nJp-3h-Vwf"/>
                        <outlet property="passTextField" destination="gy8-JV-KIj" id="XBB-Ud-8oe"/>
                    </connections>
                </viewController>
                <placeholder placeholderIdentifier="IBFirstResponder" id="PxW-OX-cM4" userLabel="First Responder" customClass="UIResponder" sceneMemberID="firstResponder"/>
            </objects>
            <point key="canvasLocation" x="343" y="-151"/>
        </scene>
        <!--AccountViewController-->
        <scene sceneID="5pX-jI-P1G">
            <objects>
                <viewController storyboardIdentifier="AccountViewController" title="AccountViewController" id="AiN-BM-Rnh" userLabel="AccountViewController" customClass="AccountViewController" customModule="Banking_FTW" customModuleProvider="target" sceneMemberID="viewController">
                    <view key="view" contentMode="scaleToFill" id="jmg-0g-zfj">
                        <rect key="frame" x="0.0" y="0.0" width="393" height="842"/>
                        <autoresizingMask key="autoresizingMask" widthSizable="YES" heightSizable="YES"/>
                        <subviews>
                            <imageView clipsSubviews="YES" userInteractionEnabled="NO" contentMode="scaleToFill" horizontalHuggingPriority="251" verticalHuggingPriority="251" fixedFrame="YES" image="blank.png" translatesAutoresizingMaskIntoConstraints="NO" id="5zW-NY-HAF">
                                <rect key="frame" x="0.0" y="-13" width="393" height="855"/>
                                <autoresizingMask key="autoresizingMask" flexibleMaxX="YES" flexibleMaxY="YES"/>
                            </imageView>
                            <imageView clipsSubviews="YES" userInteractionEnabled="NO" contentMode="scaleAspectFit" horizontalHuggingPriority="251" verticalHuggingPriority="251" fixedFrame="YES" image="untitled.png" translatesAutoresizingMaskIntoConstraints="NO" id="iKh-Pz-8y0">
                                <rect key="frame" x="76" y="36" width="240" height="128"/>
                                <autoresizingMask key="autoresizingMask" flexibleMaxX="YES" flexibleMaxY="YES"/>
                            </imageView>
                            <label opaque="NO" userInteractionEnabled="NO" contentMode="left" horizontalHuggingPriority="251" verticalHuggingPriority="251" fixedFrame="YES" text="Account Number" textAlignment="right" lineBreakMode="tailTruncation" baselineAdjustment="alignBaselines" adjustsFontSizeToFit="NO" translatesAutoresizingMaskIntoConstraints="NO" id="1gD-Cz-T9k">
                                <rect key="frame" x="50" y="262" width="129" height="21"/>
                                <autoresizingMask key="autoresizingMask" flexibleMaxX="YES" flexibleMaxY="YES"/>
                                <fontDescription key="fontDescription" type="system" pointSize="17"/>
                                <nil key="textColor"/>
                                <nil key="highlightedColor"/>
                            </label>
                            <label opaque="NO" userInteractionEnabled="NO" contentMode="left" horizontalHuggingPriority="251" verticalHuggingPriority="251" fixedFrame="YES" text="Current Balance" textAlignment="right" lineBreakMode="tailTruncation" baselineAdjustment="alignBaselines" adjustsFontSizeToFit="NO" translatesAutoresizingMaskIntoConstraints="NO" id="54v-ZA-MCo">
                                <rect key="frame" x="50" y="312" width="129" height="21"/>
                                <autoresizingMask key="autoresizingMask" flexibleMaxX="YES" flexibleMaxY="YES"/>
                                <fontDescription key="fontDescription" type="system" pointSize="17"/>
                                <nil key="textColor"/>
                                <nil key="highlightedColor"/>
                            </label>
                            <label opaque="NO" userInteractionEnabled="NO" contentMode="left" horizontalHuggingPriority="251" verticalHuggingPriority="251" fixedFrame="YES" text="Name" textAlignment="right" lineBreakMode="tailTruncation" baselineAdjustment="alignBaselines" adjustsFontSizeToFit="NO" translatesAutoresizingMaskIntoConstraints="NO" id="WTR-b5-O46">
                                <rect key="frame" x="50" y="213" width="129" height="21"/>
                                <autoresizingMask key="autoresizingMask" flexibleMaxX="YES" flexibleMaxY="YES"/>
                                <fontDescription key="fontDescription" type="system" pointSize="17"/>
                                <nil key="textColor"/>
                                <nil key="highlightedColor"/>
                            </label>
                            <label opaque="NO" userInteractionEnabled="NO" contentMode="left" horizontalHuggingPriority="251" verticalHuggingPriority="251" fixedFrame="YES" text="$NAME" textAlignment="natural" lineBreakMode="tailTruncation" baselineAdjustment="alignBaselines" adjustsFontSizeToFit="NO" translatesAutoresizingMaskIntoConstraints="NO" id="UL0-kK-LOZ">
                                <rect key="frame" x="255" y="213" width="58" height="21"/>
                                <autoresizingMask key="autoresizingMask" flexibleMaxX="YES" flexibleMaxY="YES"/>
                                <fontDescription key="fontDescription" type="system" pointSize="17"/>
                                <color key="textColor" white="1" alpha="1" colorSpace="custom" customColorSpace="genericGamma22GrayColorSpace"/>
                                <nil key="highlightedColor"/>
                            </label>
                            <label opaque="NO" userInteractionEnabled="NO" contentMode="left" horizontalHuggingPriority="251" verticalHuggingPriority="251" fixedFrame="YES" text="$NUM" textAlignment="natural" lineBreakMode="tailTruncation" baselineAdjustment="alignBaselines" adjustsFontSizeToFit="NO" translatesAutoresizingMaskIntoConstraints="NO" id="knV-FD-aLM">
                                <rect key="frame" x="255" y="262" width="49" height="21"/>
                                <autoresizingMask key="autoresizingMask" flexibleMaxX="YES" flexibleMaxY="YES"/>
                                <fontDescription key="fontDescription" type="system" pointSize="17"/>
                                <color key="textColor" white="1" alpha="1" colorSpace="custom" customColorSpace="genericGamma22GrayColorSpace"/>
                                <nil key="highlightedColor"/>
                            </label>
                            <label opaque="NO" userInteractionEnabled="NO" contentMode="left" horizontalHuggingPriority="251" verticalHuggingPriority="251" fixedFrame="YES" text="$BAL" textAlignment="natural" lineBreakMode="tailTruncation" baselineAdjustment="alignBaselines" adjustsFontSizeToFit="NO" translatesAutoresizingMaskIntoConstraints="NO" id="OaQ-Rx-edP">
                                <rect key="frame" x="255" y="312" width="42" height="21"/>
                                <autoresizingMask key="autoresizingMask" flexibleMaxX="YES" flexibleMaxY="YES"/>
                                <fontDescription key="fontDescription" type="system" pointSize="17"/>
                                <color key="textColor" white="1" alpha="1" colorSpace="custom" customColorSpace="genericGamma22GrayColorSpace"/>
                                <nil key="highlightedColor"/>
                            </label>
                            <button opaque="NO" contentMode="scaleToFill" fixedFrame="YES" contentHorizontalAlignment="center" contentVerticalAlignment="center" buttonType="system" lineBreakMode="middleTruncation" translatesAutoresizingMaskIntoConstraints="NO" id="x7A-Rx-eJF">
                                <rect key="frame" x="76" y="600" width="110" height="50"/>
                                <autoresizingMask key="autoresizingMask" flexibleMaxX="YES" flexibleMaxY="YES"/>
                                <state key="normal" title="Button"/>
                                <buttonConfiguration key="configuration" style="filled" title="Deposit"/>
                                <connections>
                                    <action selector="depositButtonTapped:" destination="AiN-BM-Rnh" eventType="touchUpInside" id="LFw-FF-9Ur"/>
                                </connections>
                            </button>
                            <button opaque="NO" contentMode="scaleToFill" fixedFrame="YES" contentHorizontalAlignment="center" contentVerticalAlignment="center" buttonType="system" lineBreakMode="middleTruncation" translatesAutoresizingMaskIntoConstraints="NO" id="bLw-lJ-I9Z">
                                <rect key="frame" x="203" y="599" width="110" height="50"/>
                                <autoresizingMask key="autoresizingMask" flexibleMaxX="YES" flexibleMaxY="YES"/>
                                <state key="normal" title="Button"/>
                                <buttonConfiguration key="configuration" style="filled" title="Withdraw"/>
                                <connections>
                                    <action selector="withdrawButtonTapped:" destination="AiN-BM-Rnh" eventType="touchUpInside" id="xkv-HR-MNu"/>
                                </connections>
                            </button>
                            <button opaque="NO" contentMode="scaleToFill" fixedFrame="YES" contentHorizontalAlignment="center" contentVerticalAlignment="center" buttonType="system" lineBreakMode="middleTruncation" translatesAutoresizingMaskIntoConstraints="NO" id="dWP-CQ-BI5">
                                <rect key="frame" x="203" y="700" width="110" height="50"/>
                                <autoresizingMask key="autoresizingMask" flexibleMaxX="YES" flexibleMaxY="YES"/>
                                <state key="normal" title="Button"/>
                                <buttonConfiguration key="configuration" style="filled" title="Logout"/>
                                <connections>
                                    <action selector="logoutButtonTapped:" destination="AiN-BM-Rnh" eventType="touchUpInside" id="wC1-kA-cR9"/>
                                    <segue destination="BYZ-38-t0r" kind="presentation" id="MtL-Je-h6c"/>
                                </connections>
                            </button>
                            <button opaque="NO" contentMode="scaleToFill" fixedFrame="YES" contentHorizontalAlignment="center" contentVerticalAlignment="center" buttonType="system" lineBreakMode="middleTruncation" translatesAutoresizingMaskIntoConstraints="NO" id="1nj-w7-UQa">
                                <rect key="frame" x="76" y="700" width="110" height="50"/>
                                <autoresizingMask key="autoresizingMask" flexibleMaxX="YES" flexibleMaxY="YES"/>
                                <state key="normal" title="Button"/>
                                <buttonConfiguration key="configuration" style="filled" title="View History"/>
                                <connections>
                                    <segue destination="sWE-qP-PCV" kind="presentation" id="Ixw-UA-0G2"/>
                                </connections>
                            </button>
                            <textField opaque="NO" contentMode="scaleToFill" horizontalHuggingPriority="248" fixedFrame="YES" contentHorizontalAlignment="left" contentVerticalAlignment="center" borderStyle="roundedRect" textAlignment="natural" minimumFontSize="17" translatesAutoresizingMaskIntoConstraints="NO" id="bt6-gB-cxE" userLabel="amount">
                                <rect key="frame" x="126" y="499" width="140" height="34"/>
                                <autoresizingMask key="autoresizingMask" flexibleMaxX="YES" flexibleMaxY="YES"/>
                                <fontDescription key="fontDescription" type="system" pointSize="14"/>
                                <textInputTraits key="textInputTraits"/>
                            </textField>
                        </subviews>
                        <viewLayoutGuide key="safeArea" id="Fst-sY-N0y"/>
                        <color key="backgroundColor" systemColor="systemBackgroundColor"/>
                    </view>
                    <connections>
                        <outlet property="accountNumberLabel" destination="knV-FD-aLM" id="3vP-cI-jYR"/>
                        <outlet property="amountTextField" destination="bt6-gB-cxE" id="7cF-30-T5i"/>
                        <outlet property="balanceLabel" destination="OaQ-Rx-edP" id="XnF-Ed-Yr1"/>
                        <outlet property="depositButton" destination="x7A-Rx-eJF" id="mCN-3c-hdP"/>
                        <outlet property="nameLabel" destination="UL0-kK-LOZ" id="0i4-np-PkA"/>
                        <outlet property="withdrawButton" destination="bLw-lJ-I9Z" id="8s1-iX-Bha"/>
                    </connections>
                </viewController>
                <placeholder placeholderIdentifier="IBFirstResponder" id="wup-3U-qx5" userLabel="First Responder" customClass="UIResponder" sceneMemberID="firstResponder"/>
            </objects>
            <point key="canvasLocation" x="-245" y="582"/>
        </scene>
        <!--History View Controller-->
        <scene sceneID="HF0-c1-HCa">
            <objects>
                <viewController storyboardIdentifier="HistoryViewController" id="sWE-qP-PCV" customClass="HistoryViewController" sceneMemberID="viewController">
                    <view key="view" contentMode="scaleToFill" id="tF1-e3-Wn6">
                        <rect key="frame" x="0.0" y="0.0" width="393" height="842"/>
                        <autoresizingMask key="autoresizingMask" widthSizable="YES" heightSizable="YES"/>
                        <subviews>
                            <imageView clipsSubviews="YES" userInteractionEnabled="NO" contentMode="scaleToFill" horizontalHuggingPriority="251" verticalHuggingPriority="251" fixedFrame="YES" image="blank.png" translatesAutoresizingMaskIntoConstraints="NO" id="cDQ-Qn-2bh">
                                <rect key="frame" x="0.0" y="0.0" width="393" height="852"/>
                                <autoresizingMask key="autoresizingMask" flexibleMaxX="YES" flexibleMaxY="YES"/>
                            </imageView>
                            <imageView clipsSubviews="YES" userInteractionEnabled="NO" contentMode="scaleAspectFit" horizontalHuggingPriority="251" verticalHuggingPriority="251" fixedFrame="YES" image="bank.jpg" translatesAutoresizingMaskIntoConstraints="NO" id="p0h-2p-nWQ">
                                <rect key="frame" x="76" y="699" width="240" height="128"/>
                                <autoresizingMask key="autoresizingMask" flexibleMaxX="YES" flexibleMaxY="YES"/>
                            </imageView>
                            <tableView clipsSubviews="YES" contentMode="scaleToFill" fixedFrame="YES" alwaysBounceVertical="YES" dataMode="prototypes" style="plain" separatorStyle="default" rowHeight="-1" estimatedRowHeight="-1" sectionHeaderHeight="-1" estimatedSectionHeaderHeight="-1" sectionFooterHeight="-1" estimatedSectionFooterHeight="-1" translatesAutoresizingMaskIntoConstraints="NO" id="yns-r6-sJN">
                                <rect key="frame" x="76" y="97" width="240" height="631"/>
                                <autoresizingMask key="autoresizingMask" flexibleMaxX="YES" flexibleMaxY="YES"/>
                                <color key="backgroundColor" systemColor="systemBackgroundColor"/>
                                <prototypes>
                                    <tableViewCell clipsSubviews="YES" contentMode="scaleToFill" insetsLayoutMarginsFromSafeArea="NO" selectionStyle="blue" hidesAccessoryWhenEditing="NO" indentationLevel="1" indentationWidth="0.0" rowHeight="108" id="Z2W-RG-m6U">
                                        <rect key="frame" x="0.0" y="50" width="240" height="108"/>
                                        <autoresizingMask key="autoresizingMask"/>
                                        <tableViewCellContentView key="contentView" opaque="NO" clipsSubviews="YES" multipleTouchEnabled="YES" contentMode="center" insetsLayoutMarginsFromSafeArea="NO" tableViewCell="Z2W-RG-m6U" id="PTz-yo-Uv8" customClass="TransactionTableViewCell" customModule="Banking_FTW" customModuleProvider="target">
                                            <rect key="frame" x="0.0" y="0.0" width="240" height="108"/>
                                            <autoresizingMask key="autoresizingMask"/>
                                            <subviews>
                                                <label opaque="NO" userInteractionEnabled="NO" contentMode="left" horizontalHuggingPriority="251" verticalHuggingPriority="251" fixedFrame="YES" text="Label" textAlignment="natural" lineBreakMode="tailTruncation" baselineAdjustment="alignBaselines" adjustsFontSizeToFit="NO" translatesAutoresizingMaskIntoConstraints="NO" id="fjv-Vh-XFl">
                                                    <rect key="frame" x="16" y="11" width="42" height="21"/>
                                                    <autoresizingMask key="autoresizingMask" flexibleMaxX="YES" flexibleMaxY="YES"/>
                                                    <fontDescription key="fontDescription" type="system" pointSize="17"/>
                                                    <nil key="textColor"/>
                                                    <nil key="highlightedColor"/>
                                                </label>
                                                <label opaque="NO" userInteractionEnabled="NO" contentMode="left" horizontalHuggingPriority="251" verticalHuggingPriority="251" fixedFrame="YES" text="Label" textAlignment="natural" lineBreakMode="tailTruncation" baselineAdjustment="alignBaselines" adjustsFontSizeToFit="NO" translatesAutoresizingMaskIntoConstraints="NO" id="zDu-rI-TeW">
                                                    <rect key="frame" x="16" y="44" width="42" height="21"/>
                                                    <autoresizingMask key="autoresizingMask" flexibleMaxX="YES" flexibleMaxY="YES"/>
                                                    <fontDescription key="fontDescription" type="system" pointSize="17"/>
                                                    <nil key="textColor"/>
                                                    <nil key="highlightedColor"/>
                                                </label>
                                                <label opaque="NO" userInteractionEnabled="NO" contentMode="left" horizontalHuggingPriority="251" verticalHuggingPriority="251" fixedFrame="YES" text="Label" textAlignment="natural" lineBreakMode="tailTruncation" baselineAdjustment="alignBaselines" adjustsFontSizeToFit="NO" translatesAutoresizingMaskIntoConstraints="NO" id="Too-Xt-Knw">
                                                    <rect key="frame" x="16" y="76" width="42" height="21"/>
                                                    <autoresizingMask key="autoresizingMask" flexibleMaxX="YES" flexibleMaxY="YES"/>
                                                    <fontDescription key="fontDescription" type="system" pointSize="17"/>
                                                    <nil key="textColor"/>
                                                    <nil key="highlightedColor"/>
                                                </label>
                                            </subviews>
                                        </tableViewCellContentView>
                                    </tableViewCell>
                                    <tableViewCell clipsSubviews="YES" contentMode="scaleToFill" insetsLayoutMarginsFromSafeArea="NO" selectionStyle="blue" hidesAccessoryWhenEditing="NO" indentationLevel="1" indentationWidth="0.0" rowHeight="114" id="fuh-Og-VE9">
                                        <rect key="frame" x="0.0" y="158" width="240" height="114"/>
                                        <autoresizingMask key="autoresizingMask"/>
                                        <tableViewCellContentView key="contentView" opaque="NO" clipsSubviews="YES" multipleTouchEnabled="YES" contentMode="center" insetsLayoutMarginsFromSafeArea="NO" tableViewCell="fuh-Og-VE9" id="tRh-TQ-7s7">
                                            <rect key="frame" x="0.0" y="0.0" width="240" height="114"/>
                                            <autoresizingMask key="autoresizingMask"/>
                                        </tableViewCellContentView>
                                    </tableViewCell>
                                    <tableViewCell clipsSubviews="YES" contentMode="scaleToFill" insetsLayoutMarginsFromSafeArea="NO" selectionStyle="blue" hidesAccessoryWhenEditing="NO" indentationLevel="1" indentationWidth="0.0" rowHeight="117" id="Kad-9B-Ixz">
                                        <rect key="frame" x="0.0" y="272" width="240" height="117"/>
                                        <autoresizingMask key="autoresizingMask"/>
                                        <tableViewCellContentView key="contentView" opaque="NO" clipsSubviews="YES" multipleTouchEnabled="YES" contentMode="center" insetsLayoutMarginsFromSafeArea="NO" tableViewCell="Kad-9B-Ixz" id="de7-B2-cJI">
                                            <rect key="frame" x="0.0" y="0.0" width="240" height="117"/>
                                            <autoresizingMask key="autoresizingMask"/>
                                        </tableViewCellContentView>
                                    </tableViewCell>
                                    <tableViewCell clipsSubviews="YES" contentMode="scaleToFill" insetsLayoutMarginsFromSafeArea="NO" selectionStyle="blue" hidesAccessoryWhenEditing="NO" indentationLevel="1" indentationWidth="0.0" rowHeight="105" id="WUx-PN-qBM">
                                        <rect key="frame" x="0.0" y="389" width="240" height="105"/>
                                        <autoresizingMask key="autoresizingMask"/>
                                        <tableViewCellContentView key="contentView" opaque="NO" clipsSubviews="YES" multipleTouchEnabled="YES" contentMode="center" insetsLayoutMarginsFromSafeArea="NO" tableViewCell="WUx-PN-qBM" id="1Ah-a9-cpD">
                                            <rect key="frame" x="0.0" y="0.0" width="240" height="105"/>
                                            <autoresizingMask key="autoresizingMask"/>
                                        </tableViewCellContentView>
                                    </tableViewCell>
                                    <tableViewCell clipsSubviews="YES" contentMode="scaleToFill" insetsLayoutMarginsFromSafeArea="NO" selectionStyle="blue" hidesAccessoryWhenEditing="NO" indentationLevel="1" indentationWidth="0.0" rowHeight="136" id="gdn-QR-Y6O">
                                        <rect key="frame" x="0.0" y="494" width="240" height="136"/>
                                        <autoresizingMask key="autoresizingMask"/>
                                        <tableViewCellContentView key="contentView" opaque="NO" clipsSubviews="YES" multipleTouchEnabled="YES" contentMode="center" insetsLayoutMarginsFromSafeArea="NO" tableViewCell="gdn-QR-Y6O" id="Ft4-C2-G88">
                                            <rect key="frame" x="0.0" y="0.0" width="240" height="136"/>
                                            <autoresizingMask key="autoresizingMask"/>
                                        </tableViewCellContentView>
                                    </tableViewCell>
                                </prototypes>
                            </tableView>
                        </subviews>
                        <viewLayoutGuide key="safeArea" id="J1u-xE-SUk"/>
                        <color key="backgroundColor" systemColor="systemBackgroundColor"/>
                    </view>
                    <connections>
                        <outlet property="Transaction_Type" destination="fjv-Vh-XFl" id="3Rj-WD-pgI"/>
                    </connections>
                </viewController>
                <placeholder placeholderIdentifier="IBFirstResponder" id="iYO-qZ-tRf" userLabel="First Responder" customClass="UIResponder" sceneMemberID="firstResponder"/>
            </objects>
            <point key="canvasLocation" x="936.64122137404581" y="581.69014084507046"/>
        </scene>
    </scenes>
    <inferredMetricsTieBreakers>
        <segue reference="MtL-Je-h6c"/>
    </inferredMetricsTieBreakers>
    <resources>
        <image name="bank.jpg" width="552" height="551.25"/>
        <image name="bank2.png" width="222" height="207"/>
        <image name="blank.png" width="552" height="551.25"/>
        <image name="untitled.png" width="222" height="207"/>
        <systemColor name="systemBackgroundColor">
            <color white="1" alpha="1" colorSpace="custom" customColorSpace="genericGamma22GrayColorSpace"/>
        </systemColor>
    </resources>
</document>
